,device,road,distance,packetLoss
0,Dragino,curve,100.0,100.0
1,Dragino,curve,300.0,100.0
2,Dragino,curve,500.0,85.0
3,Dragino,straight,100.0,100.0
4,Dragino,straight,300.0,100.0
5,Dragino,straight,500.0,100.0
6,SX1278,curve,100.0,100.0
7,SX1278,curve,300.0,98.33333333333333
8,SX1278,curve,500.0,98.33333333333333
9,SX1278,straight,100.0,100.0
10,SX1278,straight,300.0,58.333333333333336
11,SX1278,straight,500.0,71.66666666666667
